{"resolutionNo":1,"isFullScreen":true,"quality":2,"BGMVolume":0.3999999165534973,"SEVolume":0.3999999165534973}